{"meta": {"format": 3, "version": "7.12.0", "timestamp": "2025-12-03T18:06:28.571009", "branch_coverage": false, "show_contexts": false}, "files": {"src\\FA_simple.py": {"executed_lines": [1, 3, 4, 5, 6, 7, 19, 24, 25, 30, 31, 32, 33, 34, 35, 36, 37, 39, 40, 42, 43, 44, 45, 46, 47, 48, 52, 60, 61, 62, 63, 64, 66, 67, 79, 80, 81, 82, 83, 84, 86, 87, 97, 98, 99, 100, 101, 102, 104, 107, 108, 110, 118, 120, 121, 122, 124, 129, 132, 133, 135, 136, 138, 148, 150, 151, 152, 154, 156, 158, 161, 167, 170, 171, 173, 174, 176, 177, 190, 191, 192, 193, 194, 195, 196, 197, 198, 200, 201, 202, 203, 205, 206, 207, 209, 210, 211, 213, 218, 220, 222, 223, 234, 235, 236, 237, 238, 239, 240, 241, 242, 248, 249, 250, 251, 252, 255, 259, 260, 261, 263, 268, 270, 271, 274, 275, 279, 287, 288, 289, 290, 291, 293, 301, 302, 303, 304, 306, 314, 315, 316, 317, 322, 330, 331, 332, 333, 334, 335, 337, 346, 347, 348, 349, 350, 351, 353, 363, 365, 367, 368, 369, 370, 371, 375, 377, 387, 388, 389, 390, 391, 393, 394, 399, 408, 412, 413, 414, 423, 425, 427, 430, 432, 464, 465, 469, 471, 477, 479, 480, 488, 490, 491, 492, 494, 500, 501, 502, 504, 505, 506, 507, 510, 511, 512, 513, 514, 516, 517, 535, 537, 539, 540, 541, 543, 544, 546, 548, 549, 551, 553, 575, 577, 579, 580, 584, 585, 586, 591, 593, 594, 595, 597, 598, 599, 600, 601, 603, 604, 605, 606, 607, 610, 611, 612, 613, 614, 615, 616, 619, 620, 621, 622, 623, 625, 626, 641, 644, 645, 646, 648, 668, 669, 670, 671, 672, 673, 675, 677, 678, 680, 681, 682, 683, 684, 686, 687, 689, 691, 692, 693, 694, 696, 698, 703, 715, 716, 717, 718, 719, 720, 721, 722, 725, 726, 728, 740, 741, 742, 743, 744, 747, 748, 749, 751, 752, 753, 754, 756], "summary": {"covered_lines": 308, "num_statements": 324, "percent_covered": 95.06172839506173, "percent_covered_display": "95", "missing_lines": 16, "excluded_lines": 0, "percent_statements_covered": 95.06172839506173, "percent_statements_covered_display": "95"}, "missing_lines": [20, 21, 41, 105, 253, 257, 374, 485, 495, 496, 508, 527, 608, 617, 636, 642], "excluded_lines": [], "functions": {"FA_simple.__init__": {"executed_lines": [31, 32, 33, 34, 35, 36, 37], "summary": {"covered_lines": 7, "num_statements": 7, "percent_covered": 100.0, "percent_covered_display": "100", "missing_lines": 0, "excluded_lines": 0, "percent_statements_covered": 100.0, "percent_statements_covered_display": "100"}, "missing_lines": [], "excluded_lines": []}, "FA_simple.__eq__": {"executed_lines": [40, 42, 43, 44, 45, 46, 47, 48], "summary": {"covered_lines": 8, "num_statements": 9, "percent_covered": 88.88888888888889, "percent_covered_display": "89", "missing_lines": 1, "excluded_lines": 0, "percent_statements_covered": 88.88888888888889, "percent_statements_covered_display": "89"}, "missing_lines": [41], "excluded_lines": []}, "FA_simple.print_transition_table": {"executed_lines": [60, 61, 62, 63, 64], "summary": {"covered_lines": 5, "num_statements": 5, "percent_covered": 100.0, "percent_covered_display": "100", "missing_lines": 0, "excluded_lines": 0, "percent_statements_covered": 100.0, "percent_statements_covered_display": "100"}, "missing_lines": [], "excluded_lines": []}, "FA_simple.from_efa": {"executed_lines": [79, 80, 81, 82, 83, 84], "summary": {"covered_lines": 6, "num_statements": 6, "percent_covered": 100.0, "percent_covered_display": "100", "missing_lines": 0, "excluded_lines": 0, "percent_statements_covered": 100.0, "percent_statements_covered_display": "100"}, "missing_lines": [], "excluded_lines": []}, "FA_simple.from_FA": {"executed_lines": [97, 98, 99, 100, 101, 102, 104, 107, 108], "summary": {"covered_lines": 9, "num_statements": 10, "percent_covered": 90.0, "percent_covered_display": "90", "missing_lines": 1, "excluded_lines": 0, "percent_statements_covered": 90.0, "percent_statements_covered_display": "90"}, "missing_lines": [105], "excluded_lines": []}, "FA_simple.write_FSM": {"executed_lines": [118, 120, 121, 122, 124, 129, 132, 133, 135, 136], "summary": {"covered_lines": 10, "num_statements": 10, "percent_covered": 100.0, "percent_covered_display": "100", "missing_lines": 0, "excluded_lines": 0, "percent_statements_covered": 100.0, "percent_statements_covered_display": "100"}, "missing_lines": [], "excluded_lines": []}, "FA_simple.write_FSM_init": {"executed_lines": [148, 150, 151, 152, 154, 156, 158, 161, 167, 170, 171, 173, 174], "summary": {"covered_lines": 13, "num_statements": 13, "percent_covered": 100.0, "percent_covered_display": "100", "missing_lines": 0, "excluded_lines": 0, "percent_statements_covered": 100.0, "percent_statements_covered_display": "100"}, "missing_lines": [], "excluded_lines": []}, "FA_simple.read_FSM": {"executed_lines": [190, 191, 192, 193, 194, 195, 196, 197, 198, 200, 201, 202, 203, 205, 206, 207, 209, 210, 211, 213, 218, 220], "summary": {"covered_lines": 22, "num_statements": 22, "percent_covered": 100.0, "percent_covered_display": "100", "missing_lines": 0, "excluded_lines": 0, "percent_statements_covered": 100.0, "percent_statements_covered_display": "100"}, "missing_lines": [], "excluded_lines": []}, "FA_simple.read_FA": {"executed_lines": [234, 235, 236, 237, 238, 239, 240, 241, 242, 248, 249, 250, 251, 252, 255, 259, 260, 261, 263], "summary": {"covered_lines": 19, "num_statements": 21, "percent_covered": 90.47619047619048, "percent_covered_display": "90", "missing_lines": 2, "excluded_lines": 0, "percent_statements_covered": 90.47619047619048, "percent_statements_covered_display": "90"}, "missing_lines": [253, 257], "excluded_lines": []}, "FA_simple.get_ns_out": {"executed_lines": [270, 271, 274, 275], "summary": {"covered_lines": 4, "num_statements": 4, "percent_covered": 100.0, "percent_covered_display": "100", "missing_lines": 0, "excluded_lines": 0, "percent_statements_covered": 100.0, "percent_statements_covered_display": "100"}, "missing_lines": [], "excluded_lines": []}, "FA_simple.get_states_list": {"executed_lines": [287, 288, 289, 290, 291], "summary": {"covered_lines": 5, "num_statements": 5, "percent_covered": 100.0, "percent_covered_display": "100", "missing_lines": 0, "excluded_lines": 0, "percent_statements_covered": 100.0, "percent_statements_covered_display": "100"}, "missing_lines": [], "excluded_lines": []}, "FA_simple.get_actions_list": {"executed_lines": [301, 302, 303, 304], "summary": {"covered_lines": 4, "num_statements": 4, "percent_covered": 100.0, "percent_covered_display": "100", "missing_lines": 0, "excluded_lines": 0, "percent_statements_covered": 100.0, "percent_statements_covered_display": "100"}, "missing_lines": [], "excluded_lines": []}, "FA_simple.get_outputs_list": {"executed_lines": [314, 315, 316, 317], "summary": {"covered_lines": 4, "num_statements": 4, "percent_covered": 100.0, "percent_covered_display": "100", "missing_lines": 0, "excluded_lines": 0, "percent_statements_covered": 100.0, "percent_statements_covered_display": "100"}, "missing_lines": [], "excluded_lines": []}, "FA_simple.check_states_for_consistency": {"executed_lines": [330, 331, 332, 333, 334, 335], "summary": {"covered_lines": 6, "num_statements": 6, "percent_covered": 100.0, "percent_covered_display": "100", "missing_lines": 0, "excluded_lines": 0, "percent_statements_covered": 100.0, "percent_statements_covered_display": "100"}, "missing_lines": [], "excluded_lines": []}, "FA_simple.check_inputs_outputs_for_consistency": {"executed_lines": [346, 347, 348, 349, 350, 351], "summary": {"covered_lines": 6, "num_statements": 6, "percent_covered": 100.0, "percent_covered_display": "100", "missing_lines": 0, "excluded_lines": 0, "percent_statements_covered": 100.0, "percent_statements_covered_display": "100"}, "missing_lines": [], "excluded_lines": []}, "FA_simple.is_complete": {"executed_lines": [363, 365, 367, 368, 369, 370, 371, 375], "summary": {"covered_lines": 8, "num_statements": 9, "percent_covered": 88.88888888888889, "percent_covered_display": "89", "missing_lines": 1, "excluded_lines": 0,